,0,1,2,3,4,5,6,7,8,9,10,11,12,13,14,15,16,17,18,19,20,21,22,23,24,25,26,27,28,29,30,31,32,33,34,35,36,37,38,39,40,41,42,43,44,45,46,47,48,49,50,51,52,53,54,55,56,57,58,59,60,61,62,63,64,65,66,67,68,69,70,71,72,73,74,75,76,77,78,79,80,81,82,83,84,85,86,87,88,89,90,91,92,93,94,95,96,97,98,99,100,101,102,103,104
0,"('어떤', '특징')","('어떤', '특성')","('어떤', '특별한 점')","('어떤', '특이한 점')","('어떤', '생김새')","('어떤', '특이점')","('어느', '특징')","('어느', '특성')","('어느', '특별한 점')","('어느', '특이한 점')","('어느', '생김새')","('어느', '특이점')","('무슨', '특징')","('무슨', '특성')","('무슨', '특별한 점')","('무슨', '특이한 점')","('무슨', '생김새')","('무슨', '특이점')","('어떠한', '특징')","('어떠한', '특성')","('어떠한', '특별한 점')","('어떠한', '특이한 점')","('어떠한', '생김새')","('어떠한', '특이점')",특징이 뭐야,특징 알려줘,특징이 궁금해,특징,특징 말해봐, 특징 궁금해, 특징 말해줘,"조금, 자세히, 설명","어떤, 높은, 평가","장점, 무엇",장점,,,,,,,,,,,,,,,,,,,,,,,,,,,,,,,,,,,,,,,,,,,,,,,,,,,,,,,,,,,,,,,,,,,,,,
1,"('어떤', '크기')","('어떤', '정도')","('어떤', '비율')","('어느', '크기')","('어느', '정도')","('어느', '비율')","('무슨', '크기')","('무슨', '정도')","('무슨', '비율')","('어떠한', '크기')","('어떠한', '정도')","('어떠한', '비율')",크기가 어때,크기,크기 알려줘, 어느정도 크기야,"전반적인, 크기",둘레,,,,,,,,,,,,,,,,,,,,,,,,,,,,,,,,,,,,,,,,,,,,,,,,,,,,,,,,,,,,,,,,,,,,,,,,,,,,,,,,,,,,,,,
2,"('어떤', '종류')","('어느', '종류')","('무슨', '종류')","('어떠한', '종류')",어디에 속해,종류가 뭐야,종류,일종,일종이야,,,,,,,,,,,,,,,,,,,,,,,,,,,,,,,,,,,,,,,,,,,,,,,,,,,,,,,,,,,,,,,,,,,,,,,,,,,,,,,,,,,,,,,,,,,,,,,,
3,"('언제', '제작')","('언제', '구현')","('언제', '구성')","('언제', '생산')","('언제', '제조')","('어느 때에', '제작')","('어느 때에', '구현')","('어느 때에', '구성')","('어느 때에', '생산')","('어느 때에', '제조')","('어느 시대에', '제작')","('어느 시대에', '구현')","('어느 시대에', '구성')","('어느 시대에', '생산')","('어느 시대에', '제조')","('어느 시절에', '제작')","('어느 시절에', '구현')","('어느 시절에', '구성')","('어느 시절에', '생산')","('어느 시절에', '제조')","('어떤 때에', '제작')","('어떤 때에', '구현')","('어떤 때에', '구성')","('어떤 때에', '생산')","('어떤 때에', '제조')","('어떤 시대에', '제작')","('어떤 시대에', '구현')","('어떤 시대에', '구성')","('어떤 시대에', '생산')","('어떤 시대에', '제조')","('어떤 시절에', '제작')","('어떤 시절에', '구현')","('어떤 시절에', '구성')","('어떤 시절에', '생산')","('어떤 시절에', '제조')",언제 만들었어,만든게 언제야,언제 만들었을까,언제 만들어졌어,언제 만들,언제 만들어,"만들어진, 시기","만들어진, 때","언제, 그려진",,,,,,,,,,,,,,,,,,,,,,,,,,,,,,,,,,,,,,,,,,,,,,,,,,,,,,,,,,,,,
4,"('어디서', '제작')","('어디서', '구현')","('어디서', '구성')","('어디서', '생산')","('어디서', '제조')","('어느 곳에서', '제작')","('어느 곳에서', '구현')","('어느 곳에서', '구성')","('어느 곳에서', '생산')","('어느 곳에서', '제조')","('어느 장소에서', '제작')","('어느 장소에서', '구현')","('어느 장소에서', '구성')","('어느 장소에서', '생산')","('어느 장소에서', '제조')","('어떤 장소에서', '제작')","('어떤 장소에서', '구현')","('어떤 장소에서', '구성')","('어떤 장소에서', '생산')","('어떤 장소에서', '제조')","('어떤 곳에서', '제작')","('어떤 곳에서', '구현')","('어떤 곳에서', '구성')","('어떤 곳에서', '생산')","('어떤 곳에서', '제조')","('어디에서', '제작')","('어디에서', '구현')","('어디에서', '구성')","('어디에서', '생산')","('어디에서', '제조')",어디서 만들었어,만든 곳이 어디야,어디서 만들,어디서 만들었을까, 어느 장소에서 만들었어,어디서 만듦,어디서만듬,어디서 만들었냐,어느 장소에서 만들었을까,"일본에서, 만들어진건가요",,,,,,,,,,,,,,,,,,,,,,,,,,,,,,,,,,,,,,,,,,,,,,,,,,,,,,,,,,,,,,,,,
5,"('어떻게', '제작')","('어떻게', '구현')","('어떻게', '구성')","('어떻게', '생산')","('어떻게', '제조')","('어떤 방식으로', '제작')","('어떤 방식으로', '구현')","('어떤 방식으로', '구성')","('어떤 방식으로', '생산')","('어떤 방식으로', '제조')","('어떠하게', '제작')","('어떠하게', '구현')","('어떠하게', '구성')","('어떠하게', '생산')","('어떠하게', '제조')",만든 방법 알려줘,어떻게 만들었어,만든 방식 궁금해,만드는 방법,어떻게 만들었을까,어떻게 만들었냐,어떻게 만들었음,"어떻게, 만든거야",,,,,,,,,,,,,,,,,,,,,,,,,,,,,,,,,,,,,,,,,,,,,,,,,,,,,,,,,,,,,,,,,,,,,,,,,,,,,,,,,,
6,"('언제', '입수')","('언제', '발견')","('언제', '다시 발견')","('언제', '획득')","('어느 때에', '입수')","('어느 때에', '발견')","('어느 때에', '다시 발견')","('어느 때에', '획득')","('어느 시대에', '입수')","('어느 시대에', '발견')","('어느 시대에', '다시 발견')","('어느 시대에', '획득')","('어느 시절에', '입수')","('어느 시절에', '발견')","('어느 시절에', '다시 발견')","('어느 시절에', '획득')","('어떤 때에', '입수')","('어떤 때에', '발견')","('어떤 때에', '다시 발견')","('어떤 때에', '획득')","('어떤 시대에', '입수')","('어떤 시대에', '발견')","('어떤 시대에', '다시 발견')","('어떤 시대에', '획득')","('어떤 시절에', '입수')","('어떤 시절에', '발견')","('어떤 시절에', '다시 발견')","('어떤 시절에', '획득')",입수한게 언제야,언제 입수함,"입수된, 년도","입수한, 때","입수, 때",,,,,,,,,,,,,,,,,,,,,,,,,,,,,,,,,,,,,,,,,,,,,,,,,,,,,,,,,,,,,,,,,,,,,,,,
7,"('어디서', '입수')","('어디서', '발견')","('어디서', '다시 발견')","('어디서', '획득')","('어느 곳에서', '입수')","('어느 곳에서', '발견')","('어느 곳에서', '다시 발견')","('어느 곳에서', '획득')","('어느 장소에서', '입수')","('어느 장소에서', '발견')","('어느 장소에서', '다시 발견')","('어느 장소에서', '획득')","('어떤 장소에서', '입수')","('어떤 장소에서', '발견')","('어떤 장소에서', '다시 발견')","('어떤 장소에서', '획득')","('어떤 곳에서', '입수')","('어떤 곳에서', '발견')","('어떤 곳에서', '다시 발견')","('어떤 곳에서', '획득')","('어디에서', '입수')","('어디에서', '발견')","('어디에서', '다시 발견')","('어디에서', '획득')",어디서 다시 발견함,어디서 발견,발견 장소,발견 장소가 어디야,발견한 곳이 어디야,다시 발견한 곳,다시 발견한 장소,입수한 장소가 어디야,,,,,,,,,,,,,,,,,,,,,,,,,,,,,,,,,,,,,,,,,,,,,,,,,,,,,,,,,,,,,,,,,,,,,,,,,
8,"('어떻게', '입수')","('어떻게', '발견')","('어떻게', '다시 발견')","('어떻게', '획득')","('어떤 방식으로', '입수')","('어떤 방식으로', '발견')","('어떤 방식으로', '다시 발견')","('어떤 방식으로', '획득')","('어떠하게', '입수')","('어떠하게', '발견')","('어떠하게', '다시 발견')","('어떠하게', '획득')",어떻게 발견했어,어떻게 입수했어,입수 어떻게,,,,,,,,,,,,,,,,,,,,,,,,,,,,,,,,,,,,,,,,,,,,,,,,,,,,,,,,,,,,,,,,,,,,,,,,,,,,,,,,,,,,,,,,,,
9,"('어떤', '유약')","('어떤', '바르는 약')","('어느', '유약')","('어느', '바르는 약')","('무슨', '유약')","('무슨', '바르는 약')","('어떠한', '유약')","('어떠한', '바르는 약')",유약 뭐 사용,유약은 어떤거 사용,유약은,사용한 유약,유약,유약 궁금,,,,,,,,,,,,,,,,,,,,,,,,,,,,,,,,,,,,,,,,,,,,,,,,,,,,,,,,,,,,,,,,,,,,,,,,,,,,,,,,,,,,,,,,,,,
10,"('어떤', '유물')","('어떤', '잔재')","('어떤', '도자기')","('어느', '유물')","('어느', '잔재')","('어느', '도자기')","('무슨', '유물')","('무슨', '잔재')","('무슨', '도자기')","('어떠한', '유물')","('어떠한', '잔재')","('어떠한', '도자기')",해당하는 유물이 뭐야,어떤 유물이 포함,어떤 유물들이,"대표, 유물","대표적인, 도자기","대표적인, 유물","만들어진, 다른, 유물",,,,,,,,,,,,,,,,,,,,,,,,,,,,,,,,,,,,,,,,,,,,,,,,,,,,,,,,,,,,,,,,,,,,,,,,,,,,,,,,,,,,,,
11,"('어떤', '유물', '발견')","('어떤', '잔재', '발견')","('어떤', '도자기', '발견')","('어느', '유물', '발견')","('어느', '잔재', '발견')","('어느', '도자기', '발견')","('무슨', '유물', '발견')","('무슨', '잔재', '발견')","('무슨', '도자기', '발견')","('어떠한', '유물', '발견')","('어떠한', '잔재', '발견')","('어떠한', '도자기', '발견')",어떤 게 발견,어떤게 발견,뭘 발견,어떤거 발견,보물창고,,,,,,,,,,,,,,,,,,,,,,,,,,,,,,,,,,,,,,,,,,,,,,,,,,,,,,,,,,,,,,,,,,,,,,,,,,,,,,,,,,,,,,,,
12,"('어떤', '유물', '제작')","('어떤', '유물', '구현')","('어떤', '유물', '구성')","('어떤', '유물', '생산')","('어떤', '유물', '제조')","('어떤', '잔재', '제작')","('어떤', '잔재', '구현')","('어떤', '잔재', '구성')","('어떤', '잔재', '생산')","('어떤', '잔재', '제조')","('어떤', '도자기', '제작')","('어떤', '도자기', '구현')","('어떤', '도자기', '구성')","('어떤', '도자기', '생산')","('어떤', '도자기', '제조')","('어느', '유물', '제작')","('어느', '유물', '구현')","('어느', '유물', '구성')","('어느', '유물', '생산')","('어느', '유물', '제조')","('어느', '잔재', '제작')","('어느', '잔재', '구현')","('어느', '잔재', '구성')","('어느', '잔재', '생산')","('어느', '잔재', '제조')","('어느', '도자기', '제작')","('어느', '도자기', '구현')","('어느', '도자기', '구성')","('어느', '도자기', '생산')","('어느', '도자기', '제조')","('무슨', '유물', '제작')","('무슨', '유물', '구현')","('무슨', '유물', '구성')","('무슨', '유물', '생산')","('무슨', '유물', '제조')","('무슨', '잔재', '제작')","('무슨', '잔재', '구현')","('무슨', '잔재', '구성')","('무슨', '잔재', '생산')","('무슨', '잔재', '제조')","('무슨', '도자기', '제작')","('무슨', '도자기', '구현')","('무슨', '도자기', '구성')","('무슨', '도자기', '생산')","('무슨', '도자기', '제조')","('어떠한', '유물', '제작')","('어떠한', '유물', '구현')","('어떠한', '유물', '구성')","('어떠한', '유물', '생산')","('어떠한', '유물', '제조')","('어떠한', '잔재', '제작')","('어떠한', '잔재', '구현')","('어떠한', '잔재', '구성')","('어떠한', '잔재', '생산')","('어떠한', '잔재', '제조')","('어떠한', '도자기', '제작')","('어떠한', '도자기', '구현')","('어떠한', '도자기', '구성')","('어떠한', '도자기', '생산')","('어떠한', '도자기', '제조')",어떤 도자기를 만들었어,뭘 만들었어,뭐 만들었어,뭐했어,어떤거 만들었어,뭐 만듬,뭐 만듦,어떤거 만듦,뭘 만들었냐,뭐 만들었냐,,,,,,,,,,,,,,,,,,,,,,,,,,,,,,,,,,,
13,"('사용', '유물', '어떤')","('사용', '유물', '어느')","('사용', '유물', '무슨')","('사용', '유물', '어떠한')","('사용', '잔재', '어떤')","('사용', '잔재', '어느')","('사용', '잔재', '무슨')","('사용', '잔재', '어떠한')","('사용', '도자기', '어떤')","('사용', '도자기', '어느')","('사용', '도자기', '무슨')","('사용', '도자기', '어떠한')","('활용', '유물', '어떤')","('활용', '유물', '어느')","('활용', '유물', '무슨')","('활용', '유물', '어떠한')","('활용', '잔재', '어떤')","('활용', '잔재', '어느')","('활용', '잔재', '무슨')","('활용', '잔재', '어떠한')","('활용', '도자기', '어떤')","('활용', '도자기', '어느')","('활용', '도자기', '무슨')","('활용', '도자기', '어떠한')","('이용', '유물', '어떤')","('이용', '유물', '어느')","('이용', '유물', '무슨')","('이용', '유물', '어떠한')","('이용', '잔재', '어떤')","('이용', '잔재', '어느')","('이용', '잔재', '무슨')","('이용', '잔재', '어떠한')","('이용', '도자기', '어떤')","('이용', '도자기', '어느')","('이용', '도자기', '무슨')","('이용', '도자기', '어떠한')",동일한 사용한 도자기,같은 사용한 도자기,비슷한 사용한 도자기,비슷한 도자기,,,,,,,,,,,,,,,,,,,,,,,,,,,,,,,,,,,,,,,,,,,,,,,,,,,,,,,,,,,,,,,,,
14,"('어디에', '위치')","('어디에', '장소')","('어디에', '자리')","('어디에', '사이트')","('어디에', '지역')","('어디에', '포인트')","('어느곳에', '위치')","('어느곳에', '장소')","('어느곳에', '자리')","('어느곳에', '사이트')","('어느곳에', '지역')","('어느곳에', '포인트')","('어느쪽에', '위치')","('어느쪽에', '장소')","('어느쪽에', '자리')","('어느쪽에', '사이트')","('어느쪽에', '지역')","('어느쪽에', '포인트')","('어디', '위치')","('어디', '장소')","('어디', '자리')","('어디', '사이트')","('어디', '지역')","('어디', '포인트')",어디있어,어디 있어,어디,ㅇㄷ,어디야,어딜까,어디일까,어디얌,어디인지 궁금해,어디인지 알려줘,어디 있는지,위치,"어떤, 곳",,,,,,,,,,,,,,,,,,,,,,,,,,,,,,,,,,,,,,,,,,,,,,,,,,,,,,,,,,,,,,,,,,,,
15,"('어떤', '용도', '사용')","('어떤', '용도', '활용')","('어떤', '용도', '이용')","('어떤', '사용하는 이유', '사용')","('어떤', '사용하는 이유', '활용')","('어떤', '사용하는 이유', '이용')","('어느', '용도', '사용')","('어느', '용도', '활용')","('어느', '용도', '이용')","('어느', '사용하는 이유', '사용')","('어느', '사용하는 이유', '활용')","('어느', '사용하는 이유', '이용')","('무슨', '용도', '사용')","('무슨', '용도', '활용')","('무슨', '용도', '이용')","('무슨', '사용하는 이유', '사용')","('무슨', '사용하는 이유', '활용')","('무슨', '사용하는 이유', '이용')","('어떠한', '용도', '사용')","('어떠한', '용도', '활용')","('어떠한', '용도', '이용')","('어떠한', '사용하는 이유', '사용')","('어떠한', '사용하는 이유', '활용')","('어떠한', '사용하는 이유', '이용')",용도가 뭐야,용도,용도 궁금해,어디에 쓰는거야,어디 쓰는거야,"('어떤', '용도')","('어떤', '사용하는 이유')","('어느', '용도')","('어느', '사용하는 이유')","('무슨', '용도')","('무슨', '사용하는 이유')","('어떠한', '용도')","('어떠한', '사용하는 이유')",어떤 용도로 사용,용도가 뭐야,용도가 뭘까,용도,"사용되는, 곳",목적,"어디에, 쓰던거야","어디에, 쓰는거야","어디에, 사용","뭐에, 쓰는거야","뭐에, 쓰나요",장식용,"언제, 쓰는, 물건","어디에, 쓰는","왜, 만든거야","어디에, 썼던","어디에, 썼던","무엇을, 담은","무엇을, 담나","실제, 사용","실제, 사용","어디, 쓰는거","주로, 어떻게, 사용","어디에, 썼던",사용되는,사용하는,,,,,,,,,,,,,,,,,,,,,,,,,,,,,,,,,,,,,,,,,,
17,"('어떤', '역사')","('어떤', '과거의 배경')","('어느', '역사')","('어느', '과거의 배경')","('무슨', '역사')","('무슨', '과거의 배경')","('어떠한', '역사')","('어떠한', '과거의 배경')",역사 알려줘,역사,역사 궁금해,역사가 어떻게돼,언제야,,,,,,,,,,,,,,,,,,,,,,,,,,,,,,,,,,,,,,,,,,,,,,,,,,,,,,,,,,,,,,,,,,,,,,,,,,,,,,,,,,,,,,,,,,,,
18,"('어떤', '시대', '제작')","('어떤', '시대', '구현')","('어떤', '시대', '구성')","('어떤', '시대', '생산')","('어떤', '시대', '제조')","('어떤', '시절', '제작')","('어떤', '시절', '구현')","('어떤', '시절', '구성')","('어떤', '시절', '생산')","('어떤', '시절', '제조')","('어떤', '나라', '제작')","('어떤', '나라', '구현')","('어떤', '나라', '구성')","('어떤', '나라', '생산')","('어떤', '나라', '제조')","('어느', '시대', '제작')","('어느', '시대', '구현')","('어느', '시대', '구성')","('어느', '시대', '생산')","('어느', '시대', '제조')","('어느', '시절', '제작')","('어느', '시절', '구현')","('어느', '시절', '구성')","('어느', '시절', '생산')","('어느', '시절', '제조')","('어느', '나라', '제작')","('어느', '나라', '구현')","('어느', '나라', '구성')","('어느', '나라', '생산')","('어느', '나라', '제조')","('무슨', '시대', '제작')","('무슨', '시대', '구현')","('무슨', '시대', '구성')","('무슨', '시대', '생산')","('무슨', '시대', '제조')","('무슨', '시절', '제작')","('무슨', '시절', '구현')","('무슨', '시절', '구성')","('무슨', '시절', '생산')","('무슨', '시절', '제조')","('무슨', '나라', '제작')","('무슨', '나라', '구현')","('무슨', '나라', '구성')","('무슨', '나라', '생산')","('무슨', '나라', '제조')","('어떠한', '시대', '제작')","('어떠한', '시대', '구현')","('어떠한', '시대', '구성')","('어떠한', '시대', '생산')","('어떠한', '시대', '제조')","('어떠한', '시절', '제작')","('어떠한', '시절', '구현')","('어떠한', '시절', '구성')","('어떠한', '시절', '생산')","('어떠한', '시절', '제조')","('어떠한', '나라', '제작')","('어떠한', '나라', '구현')","('어떠한', '나라', '구성')","('어떠한', '나라', '생산')","('어떠한', '나라', '제조')",언제 만들었어,언제 만듬,언제 만듦,만든게 언제야,언제 만든거야,만든게 어떤 시대야,언제 만들어졌어,언제쯤 만들었어,,,,,,,,,,,,,,,,,,,,,,,,,,,,,,,,,,,,,
19,"('어떤', '시대', '유행')","('어떤', '시대', '많이 사용')","('어떤', '시대', '유명')","('어떤', '시절', '유행')","('어떤', '시절', '많이 사용')","('어떤', '시절', '유명')","('어떤', '나라', '유행')","('어떤', '나라', '많이 사용')","('어떤', '나라', '유명')","('어느', '시대', '유행')","('어느', '시대', '많이 사용')","('어느', '시대', '유명')","('어느', '시절', '유행')","('어느', '시절', '많이 사용')","('어느', '시절', '유명')","('어느', '나라', '유행')","('어느', '나라', '많이 사용')","('어느', '나라', '유명')","('무슨', '시대', '유행')","('무슨', '시대', '많이 사용')","('무슨', '시대', '유명')","('무슨', '시절', '유행')","('무슨', '시절', '많이 사용')","('무슨', '시절', '유명')","('무슨', '나라', '유행')","('무슨', '나라', '많이 사용')","('무슨', '나라', '유명')","('어떠한', '시대', '유행')","('어떠한', '시대', '많이 사용')","('어떠한', '시대', '유명')","('어떠한', '시절', '유행')","('어떠한', '시절', '많이 사용')","('어떠한', '시절', '유명')","('어떠한', '나라', '유행')","('어떠한', '나라', '많이 사용')","('어떠한', '나라', '유명')",언제 유행함,유행한게 언제야,유행이 언제야,언제 유행,유행했어,유행한 시기,유행 시기,유행 시절,언제 유행,언제쯤 유행,,,,,,,,,,,,,,,,,,,,,,,,,,,,,,,,,,,,,,,,,,,,,,,,,,,,,,,,,,,
20,"('어떤', '시대')","('어떤', '시절')","('어떤', '나라')","('어느', '시대')","('어느', '시절')","('어느', '나라')","('무슨', '시대')","('무슨', '시절')","('무슨', '나라')","('어떠한', '시대')","('어떠한', '시절')","('어떠한', '나라')",,,,,,,,,,,,,,,,,,,,,,,,,,,,,,,,,,,,,,,,,,,,,,,,,,,,,,,,,,,,,,,,,,,,,,,,,,,,,,,,,,,,,,,,,,,,,
21,"('어떤', '소장품번호')","('어떤', '번호')","('어떤', '유물번호')","('어떤', '유물의 번호')","('어느', '소장품번호')","('어느', '번호')","('어느', '유물번호')","('어느', '유물의 번호')","('무슨', '소장품번호')","('무슨', '번호')","('무슨', '유물번호')","('무슨', '유물의 번호')","('어떠한', '소장품번호')","('어떠한', '번호')","('어떠한', '유물번호')","('어떠한', '유물의 번호')",소장품 번호 뭐야,소장품번호뭔대,소장품 번호,소장품번호,번호,,,,,,,,,,,,,,,,,,,,,,,,,,,,,,,,,,,,,,,,,,,,,,,,,,,,,,,,,,,,,,,,,,,,,,,,,,,,,,,,,,,,
22,"('어떤', '색')","('어떤', '색깔')","('어떤', '빛깔')","('어떤', '색상')","('어떤', '색채')","('어느', '색')","('어느', '색깔')","('어느', '빛깔')","('어느', '색상')","('어느', '색채')","('무슨', '색')","('무슨', '색깔')","('무슨', '빛깔')","('무슨', '색상')","('무슨', '색채')","('어떠한', '색')","('어떠한', '색깔')","('어떠한', '빛깔')","('어떠한', '색상')","('어떠한', '색채')",색깔 뭐야,색깔,색깔뭐냐,색깔 알려줘,색깔 궁금하네,색,컬러,색상,"원래, 색상","원래, 색깔",,,,,,,,,,,,,,,,,,,,,,,,,,,,,,,,,,,,,,,,,,,,,,,,,,,,,,,,,,,,,,,,,,,,,,,,,,,
23,"('어떻게', '사용')","('어떻게', '활용')","('어떻게', '이용')","('어떤 방식으로', '사용')","('어떤 방식으로', '활용')","('어떤 방식으로', '이용')","('어떠하게', '사용')","('어떠하게', '활용')","('어떠하게', '이용')",사용방법,사용 방법이 뭐야,사용 방식,사용하는 방법,사용하는 방식,어떻게 썼어,어떻게 쓰는거야,쓰는 방법,쓰는 방식,어떻게 쓰는거야,,,,,,,,,,,,,,,,,,,,,,,,,,,,,,,,,,,,,,,,,,,,,,,,,,,,,,,,,,,,,,,,,,,,,,,,,,,,,,,,,,,,,,
24,"('왜', '사용')","('왜', '활용')","('왜', '이용')","('어떤 이유로', '사용')","('어떤 이유로', '활용')","('어떤 이유로', '이용')","('어느 이유로', '사용')","('어느 이유로', '활용')","('어느 이유로', '이용')","('무슨 이유로', '사용')","('무슨 이유로', '활용')","('무슨 이유로', '이용')","('어떤 이유가 있어서', '사용')","('어떤 이유가 있어서', '활용')","('어떤 이유가 있어서', '이용')","('어느 이유가 있어서', '사용')","('어느 이유가 있어서', '활용')","('어느 이유가 있어서', '이용')","('무슨 이유가 있어서', '사용')","('무슨 이유가 있어서', '활용')","('무슨 이유가 있어서', '이용')","('어떠한 이유로', '사용')","('어떠한 이유로', '활용')","('어떠한 이유로', '이용')","('어떠한 이유가 있어서', '사용')","('어떠한 이유가 있어서', '활용')","('어떠한 이유가 있어서', '이용')",왜 사용함,쓴 이유가 뭐야,쓴 이유,사용 이유,사용을 왜,"주로, 언제, 쓰였나요","주로, 가정, 사용","어디에, 쓰는거야","어디에, 써","주로, 어디에, 사용","어디에, 사용","어디에, 사용되나요","어떤, 용도로, 쓰이나요","어떤, 용도로, 사용된것인가요","제작, 목적, 무엇","목적, 무엇",목적,"무슨, 목적","용도, 무엇","언제, 사용",사용되나요,"어떤, 용도",,,,,,,,,,,,,,,,,,,,,,,,,,,,,,,,,,,,,,,,,,,,,,,,,,,,,,,,
25,"('어떤', '사람')","('어떤', '인간')","('어느', '사람')","('어느', '인간')","('무슨', '사람')","('무슨', '인간')","('어떠한', '사람')","('어떠한', '인간')",누구야,ㄴㄱ,누군대,누군데,누구일까,누구,누구인지 말해봐,누구임,,,,,,,,,,,,,,,,,,,,,,,,,,,,,,,,,,,,,,,,,,,,,,,,,,,,,,,,,,,,,,,,,,,,,,,,,,,,,,,,,,,,,,,,,
26,"('어떻게', '발견')","('어떤 방식으로', '발견')","('어떠하게', '발견')",어떻게 찾았어,어떻게 찾음,찾은 방법,어케 찾음,,,,,,,,,,,,,,,,,,,,,,,,,,,,,,,,,,,,,,,,,,,,,,,,,,,,,,,,,,,,,,,,,,,,,,,,,,,,,,,,,,,,,,,,,,,,,,,,,,
27,"('언제', '발견')","('어느 때에', '발견')","('어느 시대에', '발견')","('어느 시절에', '발견')","('어떤 때에', '발견')","('어떤 시대에', '발견')","('어떤 시절에', '발견')",언제 찾음,언제 찾았어,언제 찾았어요,언제 찾아,언제 찾았,언제 찾,,,,,,,,,,,,,,,,,,,,,,,,,,,,,,,,,,,,,,,,,,,,,,,,,,,,,,,,,,,,,,,,,,,,,,,,,,,,,,,,,,,,,,,,,,,,
28,"('누가', '발견')","('어떤 사람이', '발견')","('어느 누가', '발견')","('어떤 누가', '발견')","('어느 사람이 ', '발견')",누가 찾음,누가 찾았어,누가 찾았을까,누가 발견함,누가 발견,"왜, 발견",,,,,,,,,,,,,,,,,,,,,,,,,,,,,,,,,,,,,,,,,,,,,,,,,,,,,,,,,,,,,,,,,,,,,,,,,,,,,,,,,,,,,,,,,,,,,,
30,"('어떤', '모양')","('어떤', '생김새')","('어떤', '형태')","('어떤', '쉐입')","('어느', '모양')","('어느', '생김새')","('어느', '형태')","('어느', '쉐입')","('무슨', '모양')","('무슨', '생김새')","('무슨', '형태')","('무슨', '쉐입')","('어떠한', '모양')","('어떠한', '생김새')","('어떠한', '형태')","('어떠한', '쉐입')",모양이 어때,모양 궁금해,모양이 어떻게,뭔 모양임,모양이 뭔데,모양 뭐임,어떻게 생김,어떻게 생겼어,어떻게생겼어,,,,,,,,,,,,,,,,,,,,,,,,,,,,,,,,,,,,,,,,,,,,,,,,,,,,,,,,,,,,,,,,,,,,,,,,,,,,,,,,
31,"('어떤', '뜻')","('어떤', '정의')","('어떤', '의미')","('어떤', '담긴 의미')","('어떤', '담긴 뜻')","('어떤', '담긴 정의')","('어느', '뜻')","('어느', '정의')","('어느', '의미')","('어느', '담긴 의미')","('어느', '담긴 뜻')","('어느', '담긴 정의')","('무슨', '뜻')","('무슨', '정의')","('무슨', '의미')","('무슨', '담긴 의미')","('무슨', '담긴 뜻')","('무슨', '담긴 정의')","('어떠한', '뜻')","('어떠한', '정의')","('어떠한', '의미')","('어떠한', '담긴 의미')","('어떠한', '담긴 뜻')","('어떠한', '담긴 정의')",뭐야,뭔데,있어,"왜, 많은, 유물","뜻하는, 바","의마하는게, 뭐야","의미하는, 바",무엇인가,"어떤, 그릇","어떤걸, 상징","어떤걸, 의미","특별한, 의미","장식한, 이유","갖는, 의미",의미,"쓰이는, 이유",무엇이죠,"뜻, 무엇",무엇인가요,"넣은, 이유","의미하는게, 뭐야",뭔가요,무엇인가,의미,"상징, 의미",,"의미, 무엇",,,,,,,,,,,,,,,,,,,,,,,,,,,,,,,,,,,,,,,,,,,,,,,,,,,,,,
32,"('들어간', '다른', '유물')","('들어간', '다른', '잔재')","('들어간', '다른', '도자기')","('들어간', '또 다른', '유물')","('들어간', '또 다른', '잔재')","('들어간', '또 다른', '도자기')","('들어간', '이거 외의', '유물')","('들어간', '이거 외의', '잔재')","('들어간', '이거 외의', '도자기')","('들어간', '이거 말고 다른', '유물')","('들어간', '이거 말고 다른', '잔재')","('들어간', '이거 말고 다른', '도자기')","('들어간', '이거 아닌', '유물')","('들어간', '이거 아닌', '잔재')","('들어간', '이거 아닌', '도자기')","('들어간', '이 유물이 아닌', '유물')","('들어간', '이 유물이 아닌', '잔재')","('들어간', '이 유물이 아닌', '도자기')","('들어간', '이게 아닌', '유물')","('들어간', '이게 아닌', '잔재')","('들어간', '이게 아닌', '도자기')","('입혀진', '다른', '유물')","('입혀진', '다른', '잔재')","('입혀진', '다른', '도자기')","('입혀진', '또 다른', '유물')","('입혀진', '또 다른', '잔재')","('입혀진', '또 다른', '도자기')","('입혀진', '이거 외의', '유물')","('입혀진', '이거 외의', '잔재')","('입혀진', '이거 외의', '도자기')","('입혀진', '이거 말고 다른', '유물')","('입혀진', '이거 말고 다른', '잔재')","('입혀진', '이거 말고 다른', '도자기')","('입혀진', '이거 아닌', '유물')","('입혀진', '이거 아닌', '잔재')","('입혀진', '이거 아닌', '도자기')","('입혀진', '이 유물이 아닌', '유물')","('입혀진', '이 유물이 아닌', '잔재')","('입혀진', '이 유물이 아닌', '도자기')","('입혀진', '이게 아닌', '유물')","('입혀진', '이게 아닌', '잔재')","('입혀진', '이게 아닌', '도자기')","('사용된', '다른', '유물')","('사용된', '다른', '잔재')","('사용된', '다른', '도자기')","('사용된', '또 다른', '유물')","('사용된', '또 다른', '잔재')","('사용된', '또 다른', '도자기')","('사용된', '이거 외의', '유물')","('사용된', '이거 외의', '잔재')","('사용된', '이거 외의', '도자기')","('사용된', '이거 말고 다른', '유물')","('사용된', '이거 말고 다른', '잔재')","('사용된', '이거 말고 다른', '도자기')","('사용된', '이거 아닌', '유물')","('사용된', '이거 아닌', '잔재')","('사용된', '이거 아닌', '도자기')","('사용된', '이 유물이 아닌', '유물')","('사용된', '이 유물이 아닌', '잔재')","('사용된', '이 유물이 아닌', '도자기')","('사용된', '이게 아닌', '유물')","('사용된', '이게 아닌', '잔재')","('사용된', '이게 아닌', '도자기')","('사용한', '다른', '유물')","('사용한', '다른', '잔재')","('사용한', '다른', '도자기')","('사용한', '또 다른', '유물')","('사용한', '또 다른', '잔재')","('사용한', '또 다른', '도자기')","('사용한', '이거 외의', '유물')","('사용한', '이거 외의', '잔재')","('사용한', '이거 외의', '도자기')","('사용한', '이거 말고 다른', '유물')","('사용한', '이거 말고 다른', '잔재')","('사용한', '이거 말고 다른', '도자기')","('사용한', '이거 아닌', '유물')","('사용한', '이거 아닌', '잔재')","('사용한', '이거 아닌', '도자기')","('사용한', '이 유물이 아닌', '유물')","('사용한', '이 유물이 아닌', '잔재')","('사용한', '이 유물이 아닌', '도자기')","('사용한', '이게 아닌', '유물')","('사용한', '이게 아닌', '잔재')","('사용한', '이게 아닌', '도자기')","('사용했던', '다른', '유물')","('사용했던', '다른', '잔재')","('사용했던', '다른', '도자기')","('사용했던', '또 다른', '유물')","('사용했던', '또 다른', '잔재')","('사용했던', '또 다른', '도자기')","('사용했던', '이거 외의', '유물')","('사용했던', '이거 외의', '잔재')","('사용했던', '이거 외의', '도자기')","('사용했던', '이거 말고 다른', '유물')","('사용했던', '이거 말고 다른', '잔재')","('사용했던', '이거 말고 다른', '도자기')","('사용했던', '이거 아닌', '유물')","('사용했던', '이거 아닌', '잔재')","('사용했던', '이거 아닌', '도자기')","('사용했던', '이 유물이 아닌', '유물')","('사용했던', '이 유물이 아닌', '잔재')","('사용했던', '이 유물이 아닌', '도자기')","('사용했던', '이게 아닌', '유물')","('사용했던', '이게 아닌', '잔재')","('사용했던', '이게 아닌', '도자기')"
33,"('어떤', '기법', '사용')","('어떤', '기법', '활용')","('어떤', '기법', '이용')","('어떤', '수법', '사용')","('어떤', '수법', '활용')","('어떤', '수법', '이용')","('어떤', '방법', '사용')","('어떤', '방법', '활용')","('어떤', '방법', '이용')","('어떤', '들어간 기법', '사용')","('어떤', '들어간 기법', '활용')","('어떤', '들어간 기법', '이용')","('어떤', '패턴', '사용')","('어떤', '패턴', '활용')","('어떤', '패턴', '이용')","('어느', '기법', '사용')","('어느', '기법', '활용')","('어느', '기법', '이용')","('어느', '수법', '사용')","('어느', '수법', '활용')","('어느', '수법', '이용')","('어느', '방법', '사용')","('어느', '방법', '활용')","('어느', '방법', '이용')","('어느', '들어간 기법', '사용')","('어느', '들어간 기법', '활용')","('어느', '들어간 기법', '이용')","('어느', '패턴', '사용')","('어느', '패턴', '활용')","('어느', '패턴', '이용')","('무슨', '기법', '사용')","('무슨', '기법', '활용')","('무슨', '기법', '이용')","('무슨', '수법', '사용')","('무슨', '수법', '활용')","('무슨', '수법', '이용')","('무슨', '방법', '사용')","('무슨', '방법', '활용')","('무슨', '방법', '이용')","('무슨', '들어간 기법', '사용')","('무슨', '들어간 기법', '활용')","('무슨', '들어간 기법', '이용')","('무슨', '패턴', '사용')","('무슨', '패턴', '활용')","('무슨', '패턴', '이용')","('어떠한', '기법', '사용')","('어떠한', '기법', '활용')","('어떠한', '기법', '이용')","('어떠한', '수법', '사용')","('어떠한', '수법', '활용')","('어떠한', '수법', '이용')","('어떠한', '방법', '사용')","('어떠한', '방법', '활용')","('어떠한', '방법', '이용')","('어떠한', '들어간 기법', '사용')","('어떠한', '들어간 기법', '활용')","('어떠한', '들어간 기법', '이용')","('어떠한', '패턴', '사용')","('어떠한', '패턴', '활용')","('어떠한', '패턴', '이용')",사용한 기법,사용 기법,무슨 기법,어떤 기법,기법 알려줘,,,,,,,,,,,,,,,,,,,,,,,,,,,,,,,,,,,,,,,,
36,"('어떤', '태토')","('어떤', '기초가 되는 흙')","('어떤', '흙')","('어떤', '기본 흙')","('어떤', '기초 흙')","('어느', '태토')","('어느', '기초가 되는 흙')","('어느', '흙')","('어느', '기본 흙')","('어느', '기초 흙')","('무슨', '태토')","('무슨', '기초가 되는 흙')","('무슨', '흙')","('무슨', '기본 흙')","('무슨', '기초 흙')","('어떠한', '태토')","('어떠한', '기초가 되는 흙')","('어떠한', '흙')","('어떠한', '기본 흙')","('어떠한', '기초 흙')",태토 뭐야,태토 뭘까,사용한 태토,사용 태토,태토,뭘로 만들었어,무슨 흙으로 만들었어,어떤 흙을 사용했니,주재료,뭘로 만들,뭘로 만든거야,재료,"어떤, 재료",,,,,,,,,,,,,,,,,,,,,,,,,,,,,,,,,,,,,,,,,,,,,,,,,,,,,,,,,,,,,,,,,,,,,,,,
,개수,"수가, 적은, 이유",수량,"몇, 있나요","몇, 있나",,,,,,,,,,,,,,,,,,,,,,,,,,,,,,,,,,,,,,,,,,,,,,,,,,,,,,,,,,,,,,,,,,,,,,,,,,,,,,,,,,,,,,,,,,,,,,,,,,,,
,"어떤, 무늬","주로, 무늬","주로, 사용, 무늬","주로, 사용한, 무늬",장식,,,,,,,,,,,,,,,,,,,,,,,,,,,,,,,,,,,,,,,,,,,,,,,,,,,,,,,,,,,,,,,,,,,,,,,,,,,,,,,,,,,,,,,,,,,,,,,,,,,,
,"비슷한, 유물","다른, 있어",다른,"비슷한, 뭐가","비슷한, 도자기","다른, 궁금","다른, 있나","다른, 유물","만들어진, 없어","만들어진, 유물","만들어진, 있어","만들어진, 있나요","만들어진, 있을까요?","다른, 그릇","다른, 도자기","유물, 뭐가",,,,,,,,,,,,,,,,,,,,,,,,,,,,,,,,,,,,,,,,,,,,,,,,,,,,,,,,,,,,,,,,,,,,,,,,,,,,,,,,,,,,,,,,,
,"색, 종류",,,,,,,,,,,,,,,,,,,,,,,,,,,,,,,,,,,,,,,,,,,,,,,,,,,,,,,,,,,,,,,,,,,,,,,,,,,,,,,,,,,,,,,,,,,,,,,,,,,,,,,,
,생활상,배경,,,,,,,,,,,,,,,,,,,,,,,,,,,,,,,,,,,,,,,,,,,,,,,,,,,,,,,,,,,,,,,,,,,,,,,,,,,,,,,,,,,,,,,,,,,,,,,,,,,,,,,
,"어떤, 차이","어떻게, 다른가","차이, 뭔가",차이,,,,,,,,,,,,,,,,,,,,,,,,,,,,,,,,,,,,,,,,,,,,,,,,,,,,,,,,,,,,,,,,,,,,,,,,,,,,,,,,,,,,,,,,,,,,,,,,,,,,,
,"주로, 모양","이런, 모양",,,,,,,,,,,,,,,,,,,,,,,,,,,,,,,,,,,,,,,,,,,,,,,,,,,,,,,,,,,,,,,,,,,,,,,,,,,,,,,,,,,,,,,,,,,,,,,,,,,,,,,
,한국,,,,,,,,,,,,,,,,,,,,,,,,,,,,,,,,,,,,,,,,,,,,,,,,,,,,,,,,,,,,,,,,,,,,,,,,,,,,,,,,,,,,,,,,,,,,,,,,,,,,,,,,
,"굽는, 온도","가마, 온도","가마의, 온도",,,,,,,,,,,,,,,,,,,,,,,,,,,,,,,,,,,,,,,,,,,,,,,,,,,,,,,,,,,,,,,,,,,,,,,,,,,,,,,,,,,,,,,,,,,,,,,,,,,,,,
,"나라, 사람","어디, 사람","어느나라, 사람","우리나라, 사람","우리나라",사람,,,,,,,,,,,,,,,,,,,,,,,,,,,,,,,,,,,,,,,,,,,,,,,,,,,,,,,,,,,,,,,,,,,,,,,,,,,,,,,,,,,,,,,,,,,,,,,,,,,
,"동물, 의미",,,,,,,,,,,,,,,,,,,,,,,,,,,,,,,,,,,,,,,,,,,,,,,,,,,,,,,,,,,,,,,,,,,,,,,,,,,,,,,,,,,,,,,,,,,,,,,,,,,,,,,,
,"발견, 유물",,,,,,,,,,,,,,,,,,,,,,,,,,,,,,,,,,,,,,,,,,,,,,,,,,,,,,,,,,,,,,,,,,,,,,,,,,,,,,,,,,,,,,,,,,,,,,,,,,,,,,,,
,"누가, 사용","누가, 쓰던거야","누가, 쓴거야","어떤, 계층, 사용","무슨, 계층","계층",,,,,,,,,,,,,,,,,,,,,,,,,,,,,,,,,,,,,,,,,,,,,,,,,,,,,,,,,,,,,,,,,,,,,,,,,,,,,,,,,,,,,,,,,,,,,,,,,,,
,한국,"지금, 한국","한국, 있어","한국","한국, 있니",,,,,,,,,,,,,,,,,,,,,,,,,,,,,,,,,,,,,,,,,,,,,,,,,,,,,,,,,,,,,,,,,,,,,,,,,,,,,,,,,,,,,,,,,,,,,,,,,,,,
,"어떤, 작품",작품,,,,,,,,,,,,,,,,,,,,,,,,,,,,,,,,,,,,,,,,,,,,,,,,,,,,,,,,,,,,,,,,,,,,,,,,,,,,,,,,,,,,,,,,,,,,,,,,,,,,,,,
,운영시간,언제 열어요,언제 닫나요,운영 시간,"운영, 시간","무슨, 요일",시작,끝,,,,,,,,,,,,,,,,,,,,,,,,,,,,,,,,,,,,,,,,,,,,,,,,,,,,,,,,,,,,,,,,,,,,,,,,,,,,,,,,,,,,,,,,,,,,,,,,,
,"얼마나, 있나","몇개, 있나","몇, 종류","몇, 개",얼마나,개수,,,,,,,,,,,,,,,,,,,,,,,,,,,,,,,,,,,,,,,,,,,,,,,,,,,,,,,,,,,,,,,,,,,,,,,,,,,,,,,,,,,,,,,,,,,,,,,,,,,
,무게,"무게, 얼마나","무게, 궁금해","무게, 어느정도",,,,,,,,,,,,,,,,,,,,,,,,,,,,,,,,,,,,,,,,,,,,,,,,,,,,,,,,,,,,,,,,,,,,,,,,,,,,,,,,,,,,,,,,,,,,,,,,,,,,,
,재질,"표면, 느낌",표면,,,,,,,,,,,,,,,,,,,,,,,,,,,,,,,,,,,,,,,,,,,,,,,,,,,,,,,,,,,,,,,,,,,,,,,,,,,,,,,,,,,,,,,,,,,,,,,,,,,,,,